DSC_PROCEDENCIA,DSC_CLASSE,count(PROCESSO.SEQ_OBJETO_INCIDENTE)
ACRE,"AÇÃO CAUTELAR",3
ACRE,"AÇÃO CÍVEL ORIGINÁRIA",13
ACRE,"AÇÃO DIRETA DE INCONSTITUCIONALIDADE",22
ACRE,"AÇÃO ORIGINÁRIA",51
ACRE,"AÇÃO PENAL",14
ACRE,"AGRAVO DE INSTRUMENTO",1327
ACRE,"ARGUIÇÃO DE RELEVÂNCIA",9
ACRE,"CARTA ROGATÓRIA",158
ACRE,"HABEAS CORPUS",216
ACRE,INQUÉRITO,42
ACRE,"MANDADO DE SEGURANÇA",17
ACRE,PETIÇÃO,28
ACRE,RECLAMAÇÃO,42
ACRE,"RECURSO EXTRAORDINÁRIO",1548
ACRE,"RECURSO EXTRAORDINÁRIO COM AGRAVO",10
ACRE,"RECURSO ORDINÁRIO EM HABEAS CORPUS",6
ACRE,"SENTENÇA ESTRANGEIRA",26
ACRE,"SUSPENSÃO DE SEGURANÇA",23
ALAGOAS,"AÇÃO CAUTELAR",53
ALAGOAS,"AÇÃO CÍVEL ORIGINÁRIA",31
ALAGOAS,"AÇÃO DIRETA DE INCONSTITUCIONALIDADE",70
ALAGOAS,"AÇÃO ORIGINÁRIA",46
ALAGOAS,"AÇÃO PENAL",6
ALAGOAS,"AÇÃO RESCISÓRIA",11
ALAGOAS,"AGRAVO DE INSTRUMENTO",5673
ALAGOAS,"ARGÜIÇÃO DE DESCUMPRIMENTO DE PRECEITO FUNDAMENTAL",2
ALAGOAS,"ARGUIÇÃO DE RELEVÂNCIA",38
ALAGOAS,"CONFLITO DE COMPETÊNCIA",1
ALAGOAS,"HABEAS CORPUS",200
ALAGOAS,INQUÉRITO,39
ALAGOAS,"INTERVENÇÃO FEDERAL",6
ALAGOAS,"MANDADO DE INJUNÇÃO",2
ALAGOAS,"MANDADO DE SEGURANÇA",39
ALAGOAS,PETIÇÃO,59
ALAGOAS,RECLAMAÇÃO,214
ALAGOAS,"RECURSO EXTRAORDINÁRIO",8215
ALAGOAS,"RECURSO EXTRAORDINÁRIO COM AGRAVO",16
ALAGOAS,"RECURSO ORD. EM MANDADO DE SEGURANÇA",6
ALAGOAS,"RECURSO ORDINÁRIO EM HABEAS CORPUS",3
ALAGOAS,REPRESENTAÇÃO,3
ALAGOAS,"SUSPENSÃO DE LIMINAR",19
ALAGOAS,"SUSPENSÃO DE SEGURANÇA",116
ALAGOAS,"SUSPENSÃO DE TUTELA ANTECIPADA",20
AMAPÁ,"AÇÃO CAUTELAR",34
AMAPÁ,"AÇÃO CÍVEL ORIGINÁRIA",25
AMAPÁ,"AÇÃO DIRETA DE INCONSTITUCIONALIDADE",63
AMAPÁ,"AÇÃO ORIGINÁRIA",25
AMAPÁ,"AÇÃO PENAL",2
AMAPÁ,"AGRAVO DE INSTRUMENTO",794
AMAPÁ,"ARGÜIÇÃO DE DESCUMPRIMENTO DE PRECEITO FUNDAMENTAL",3
AMAPÁ,"ARGUIÇÃO DE RELEVÂNCIA",7
AMAPÁ,"ARGÜIÇÃO DE SUSPEIÇÃO",3
AMAPÁ,"HABEAS CORPUS",107
AMAPÁ,INQUÉRITO,23
AMAPÁ,"MANDADO DE SEGURANÇA",18
AMAPÁ,PETIÇÃO,27
AMAPÁ,RECLAMAÇÃO,43
AMAPÁ,"RECURSO EXTRAORDINÁRIO",275
AMAPÁ,"RECURSO EXTRAORDINÁRIO COM AGRAVO",38
AMAPÁ,"RECURSO ORDINÁRIO EM HABEAS CORPUS",3
AMAPÁ,"SUSPENSÃO DE LIMINAR",1
AMAPÁ,"SUSPENSÃO DE SEGURANÇA",39
AMAPÁ,"SUSPENSÃO DE TUTELA ANTECIPADA",2
AMAZONAS,"AÇÃO CAUTELAR",42
AMAZONAS,"AÇÃO CÍVEL ORIGINÁRIA",17
AMAZONAS,"AÇÃO DIRETA DE INCONSTITUCIONALIDADE",74
AMAZONAS,"AÇÃO DIRETA DE INCONSTITUCIONALIDADE POR OMISSÃO",2
AMAZONAS,"AÇÃO ORIGINÁRIA",60
AMAZONAS,"AÇÃO PENAL",7
AMAZONAS,"AÇÃO RESCISÓRIA",20
AMAZONAS,"AGRAVO DE INSTRUMENTO",4575
AMAZONAS,"ARGUIÇÃO DE RELEVÂNCIA",88
AMAZONAS,"CARTA ROGATÓRIA",19
AMAZONAS,"CONFLITO DE COMPETÊNCIA",263
AMAZONAS,EXTRADIÇÃO,1
AMAZONAS,"HABEAS CORPUS",304
AMAZONAS,INQUÉRITO,52
AMAZONAS,"INTERVENÇÃO FEDERAL",7
AMAZONAS,"MANDADO DE INJUNÇÃO",2
AMAZONAS,"MANDADO DE SEGURANÇA",33
AMAZONAS,PETIÇÃO,54
AMAZONAS,RECLAMAÇÃO,147
AMAZONAS,"RECURSO EXTRAORDINÁRIO",4943
AMAZONAS,"RECURSO EXTRAORDINÁRIO COM AGRAVO",30
AMAZONAS,"RECURSO ORD. EM MANDADO DE SEGURANÇA",11
AMAZONAS,"RECURSO ORDINÁRIO EM HABEAS CORPUS",29
AMAZONAS,REPRESENTAÇÃO,2
AMAZONAS,"SENTENÇA ESTRANGEIRA",20
AMAZONAS,"SUSPENSÃO DE LIMINAR",9
AMAZONAS,"SUSPENSÃO DE SEGURANÇA",768
AMAZONAS,"SUSPENSÃO DE TUTELA ANTECIPADA",3
BAHIA,"AÇÃO CAUTELAR",97
BAHIA,"AÇÃO CÍVEL ORIGINÁRIA",66
BAHIA,"AÇÃO DIRETA DE INCONSTITUCIONALIDADE",76
BAHIA,"AÇÃO ORIGINÁRIA",66
BAHIA,"AÇÃO PENAL",23
BAHIA,"AÇÃO RESCISÓRIA",65
BAHIA,"AGRAVO DE INSTRUMENTO",22376
BAHIA,"ARGÜIÇÃO DE DESCUMPRIMENTO DE PRECEITO FUNDAMENTAL",1
BAHIA,"ARGUIÇÃO DE RELEVÂNCIA",216
BAHIA,"CARTA ROGATÓRIA",1
BAHIA,COMUNICAÇÃO,2
BAHIA,"CONFLITO DE COMPETÊNCIA",24
BAHIA,"HABEAS CORPUS",1092
BAHIA,"HABEAS DATA",1
BAHIA,INQUÉRITO,102
BAHIA,"INTERVENÇÃO FEDERAL",7
BAHIA,"MANDADO DE INJUNÇÃO",10
BAHIA,"MANDADO DE SEGURANÇA",119
BAHIA,PETIÇÃO,145
BAHIA,RECLAMAÇÃO,338
BAHIA,"RECURSO EXTRAORDINÁRIO",5650
BAHIA,"RECURSO EXTRAORDINÁRIO COM AGRAVO",69
BAHIA,"RECURSO ORD. EM MANDADO DE SEGURANÇA",13
BAHIA,"RECURSO ORDINÁRIO EM HABEAS CORPUS",50
BAHIA,REPRESENTAÇÃO,2
BAHIA,"REVISÃO CRIMINAL",2
BAHIA,"SUSPENSÃO DE LIMINAR",49
BAHIA,"SUSPENSÃO DE SEGURANÇA",207
BAHIA,"SUSPENSÃO DE TUTELA ANTECIPADA",30
CEARÁ,"AÇÃO CAUTELAR",84
CEARÁ,"AÇÃO CÍVEL ORIGINÁRIA",17
CEARÁ,"AÇÃO DECLARATÓRIA DE CONSTITUCIONALIDADE",1
CEARÁ,"AÇÃO DIRETA DE INCONSTITUCIONALIDADE",85
CEARÁ,"AÇÃO ORIGINÁRIA",18
CEARÁ,"AÇÃO PENAL",4
CEARÁ,"AÇÃO RESCISÓRIA",18
CEARÁ,"AGRAVO DE INSTRUMENTO",10677
CEARÁ,"ARGÜIÇÃO DE DESCUMPRIMENTO DE PRECEITO FUNDAMENTAL",8
CEARÁ,"ARGUIÇÃO DE RELEVÂNCIA",87
CEARÁ,"CARTA ROGATÓRIA",7
CEARÁ,"CONFLITO DE COMPETÊNCIA",13
CEARÁ,"HABEAS CORPUS",669
CEARÁ,INQUÉRITO,44
CEARÁ,"INTERVENÇÃO FEDERAL",34
CEARÁ,"MANDADO DE INJUNÇÃO",8
CEARÁ,"MANDADO DE SEGURANÇA",76
CEARÁ,PETIÇÃO,98
CEARÁ,RECLAMAÇÃO,1229
CEARÁ,"RECURSO EXTRAORDINÁRIO",13748
CEARÁ,"RECURSO EXTRAORDINÁRIO COM AGRAVO",49
CEARÁ,"RECURSO ORD. EM MANDADO DE SEGURANÇA",8
CEARÁ,"RECURSO ORDINÁRIO EM HABEAS CORPUS",39
CEARÁ,REPRESENTAÇÃO,1
CEARÁ,"SENTENÇA ESTRANGEIRA",20
CEARÁ,"SUSPENSÃO DE LIMINAR",35
CEARÁ,"SUSPENSÃO DE SEGURANÇA",175
CEARÁ,"SUSPENSÃO DE TUTELA ANTECIPADA",36
"DISTRITO FEDERAL","AÇÃO CAUTELAR",299
"DISTRITO FEDERAL","AÇÃO CÍVEL ORIGINÁRIA",170
"DISTRITO FEDERAL","AÇÃO DECLARATÓRIA DE CONSTITUCIONALIDADE",26
"DISTRITO FEDERAL","AÇÃO DIRETA DE INCONSTITUCIONALIDADE",1568
"DISTRITO FEDERAL","AÇÃO DIRETA DE INCONSTITUCIONALIDADE POR OMISSÃO",10
"DISTRITO FEDERAL","AÇÃO ORIGINÁRIA",109
"DISTRITO FEDERAL","AÇÃO ORIGINÁRIA ESPECIAL",13
"DISTRITO FEDERAL","AÇÃO PENAL",31
"DISTRITO FEDERAL","AÇÃO RESCISÓRIA",81
"DISTRITO FEDERAL","AGRAVO DE INSTRUMENTO",43485
"DISTRITO FEDERAL","APELAÇÃO CÍVEL",1
"DISTRITO FEDERAL","ARGÜIÇÃO DE DESCUMPRIMENTO DE PRECEITO FUNDAMENTAL",117
"DISTRITO FEDERAL","ARGÜIÇÃO DE IMPEDIMENTO",4
"DISTRITO FEDERAL","ARGUIÇÃO DE RELEVÂNCIA",469
"DISTRITO FEDERAL","ARGÜIÇÃO DE SUSPEIÇÃO",15
"DISTRITO FEDERAL","CARTA ROGATÓRIA",1
"DISTRITO FEDERAL",COMUNICAÇÃO,1
"DISTRITO FEDERAL","CONFLITO DE ATRIBUIÇÕES",1
"DISTRITO FEDERAL","CONFLITO DE COMPETÊNCIA",39
"DISTRITO FEDERAL","CONFLITO DE JURISDIÇÃO",18
"DISTRITO FEDERAL","EXCEÇÃO DA VERDADE",1
"DISTRITO FEDERAL","EXCEÇÃO DE LITISPENDÊNCIA",1
"DISTRITO FEDERAL","EXCEÇÃO DE SUSPEIÇÃO",1
"DISTRITO FEDERAL",EXTRADIÇÃO,6
"DISTRITO FEDERAL","HABEAS CORPUS",1828
"DISTRITO FEDERAL","HABEAS DATA",15
"DISTRITO FEDERAL",INQUÉRITO,325
"DISTRITO FEDERAL","INTERVENÇÃO FEDERAL",55
"DISTRITO FEDERAL","MANDADO DE INJUNÇÃO",3252
"DISTRITO FEDERAL","MANDADO DE SEGURANÇA",6926
"DISTRITO FEDERAL",PETIÇÃO,759
"DISTRITO FEDERAL","PETIÇÃO AVULSA",6
"DISTRITO FEDERAL","PRISÃO PREVENTIVA PARA EXTRADIÇÃO",1
"DISTRITO FEDERAL","PROCESSO ADMINISTRATIVO",1
"DISTRITO FEDERAL","PROPOSTA DE SÚMULA VINCULANTE",57
"DISTRITO FEDERAL",QUEIXA-CRIME,1
"DISTRITO FEDERAL",RECLAMAÇÃO,930
"DISTRITO FEDERAL","RECURSO EXTRAORDINÁRIO",28803
"DISTRITO FEDERAL","RECURSO EXTRAORDINÁRIO COM AGRAVO",721
"DISTRITO FEDERAL","RECURSO ORD. EM MANDADO DE SEGURANÇA",1448
"DISTRITO FEDERAL","RECURSO ORDINÁRIO EM HABEAS CORPUS",472
"DISTRITO FEDERAL","RECURSO ORDINÁRIO EM HABEAS DATA",3
"DISTRITO FEDERAL","RECURSO ORDINÁRIO EM MANDADO DE INJUNÇÃO",2
"DISTRITO FEDERAL",REPRESENTAÇÃO,11
"DISTRITO FEDERAL","REVISÃO CRIMINAL",4
"DISTRITO FEDERAL","SENTENÇA ESTRANGEIRA CONTESTADA",1
"DISTRITO FEDERAL","SUSPENSÃO DE LIMINAR",53
"DISTRITO FEDERAL","SUSPENSÃO DE SEGURANÇA",313
"DISTRITO FEDERAL","SUSPENSÃO DE TUTELA ANTECIPADA",44
"ESPÍRITO SANTO","AÇÃO CAUTELAR",51
"ESPÍRITO SANTO","AÇÃO CÍVEL ORIGINÁRIA",49
"ESPÍRITO SANTO","AÇÃO DIRETA DE INCONSTITUCIONALIDADE",177
"ESPÍRITO SANTO","AÇÃO ORIGINÁRIA",21
"ESPÍRITO SANTO","AÇÃO ORIGINÁRIA ESPECIAL",1
"ESPÍRITO SANTO","AÇÃO PENAL",3
"ESPÍRITO SANTO","AÇÃO RESCISÓRIA",17
"ESPÍRITO SANTO","AGRAVO DE INSTRUMENTO",8548
"ESPÍRITO SANTO","ARGÜIÇÃO DE DESCUMPRIMENTO DE PRECEITO FUNDAMENTAL",3
"ESPÍRITO SANTO","ARGUIÇÃO DE RELEVÂNCIA",59
"ESPÍRITO SANTO","CARTA ROGATÓRIA",19
"ESPÍRITO SANTO","CONFLITO DE COMPETÊNCIA",4
"ESPÍRITO SANTO","CONFLITO DE JURISDIÇÃO",1
"ESPÍRITO SANTO","HABEAS CORPUS",827
"ESPÍRITO SANTO",INQUÉRITO,42
"ESPÍRITO SANTO","INTERVENÇÃO FEDERAL",24
"ESPÍRITO SANTO","MANDADO DE INJUNÇÃO",3
"ESPÍRITO SANTO","MANDADO DE SEGURANÇA",58
"ESPÍRITO SANTO",PETIÇÃO,71
"ESPÍRITO SANTO","PRISÃO PREVENTIVA PARA EXTRADIÇÃO",35
"ESPÍRITO SANTO",RECLAMAÇÃO,392
"ESPÍRITO SANTO","RECURSO EXTRAORDINÁRIO",4251
"ESPÍRITO SANTO","RECURSO EXTRAORDINÁRIO COM AGRAVO",270
"ESPÍRITO SANTO","RECURSO ORD. EM MANDADO DE SEGURANÇA",4
"ESPÍRITO SANTO","RECURSO ORDINÁRIO EM HABEAS CORPUS",34
"ESPÍRITO SANTO",REPRESENTAÇÃO,2
"ESPÍRITO SANTO","REVISÃO CRIMINAL",1
"ESPÍRITO SANTO","SENTENÇA ESTRANGEIRA",21
"ESPÍRITO SANTO","SENTENÇA ESTRANGEIRA CONTESTADA",2
"ESPÍRITO SANTO","SUSPENSÃO DE LIMINAR",4
"ESPÍRITO SANTO","SUSPENSÃO DE SEGURANÇA",123
"ESPÍRITO SANTO","SUSPENSÃO DE TUTELA ANTECIPADA",9
GOIÁS,"AÇÃO CAUTELAR",88
GOIÁS,"AÇÃO CÍVEL ORIGINÁRIA",46
GOIÁS,"AÇÃO DIRETA DE INCONSTITUCIONALIDADE",114
GOIÁS,"AÇÃO ORIGINÁRIA",12
GOIÁS,"AÇÃO PENAL",3
GOIÁS,"AÇÃO RESCISÓRIA",17
GOIÁS,"AGRAVO DE INSTRUMENTO",10220
GOIÁS,"ARGÜIÇÃO DE DESCUMPRIMENTO DE PRECEITO FUNDAMENTAL",3
GOIÁS,"ARGUIÇÃO DE RELEVÂNCIA",63
GOIÁS,"ARGÜIÇÃO DE SUSPEIÇÃO",2
GOIÁS,"CONFLITO DE COMPETÊNCIA",7
GOIÁS,"HABEAS CORPUS",1135
GOIÁS,INQUÉRITO,55
GOIÁS,"INTERVENÇÃO FEDERAL",36
GOIÁS,"MANDADO DE INJUNÇÃO",9
GOIÁS,"MANDADO DE SEGURANÇA",106
GOIÁS,PETIÇÃO,103
GOIÁS,RECLAMAÇÃO,400
GOIÁS,"RECURSO EXTRAORDINÁRIO",5580
GOIÁS,"RECURSO EXTRAORDINÁRIO COM AGRAVO",227
GOIÁS,"RECURSO ORD. EM MANDADO DE SEGURANÇA",3
GOIÁS,"RECURSO ORDINÁRIO EM HABEAS CORPUS",73
GOIÁS,REPRESENTAÇÃO,41
GOIÁS,"REVISÃO CRIMINAL",1
GOIÁS,"SUSPENSÃO DE LIMINAR",28
GOIÁS,"SUSPENSÃO DE SEGURANÇA",105
GOIÁS,"SUSPENSÃO DE TUTELA ANTECIPADA",6
MARANHÃO,"AÇÃO CAUTELAR",48
MARANHÃO,"AÇÃO CÍVEL ORIGINÁRIA",38
MARANHÃO,"AÇÃO DIRETA DE INCONSTITUCIONALIDADE",65
MARANHÃO,"AÇÃO ORIGINÁRIA",64
MARANHÃO,"AÇÃO PENAL",5
MARANHÃO,"AÇÃO RESCISÓRIA",8
MARANHÃO,"AGRAVO DE INSTRUMENTO",3611
MARANHÃO,"ARGÜIÇÃO DE DESCUMPRIMENTO DE PRECEITO FUNDAMENTAL",2
MARANHÃO,"ARGUIÇÃO DE RELEVÂNCIA",12
MARANHÃO,"CONFLITO DE COMPETÊNCIA",15
MARANHÃO,"EXCEÇÃO DE LITISPENDÊNCIA",2
MARANHÃO,"HABEAS CORPUS",239
MARANHÃO,INQUÉRITO,65
MARANHÃO,"INTERVENÇÃO FEDERAL",8
MARANHÃO,"MANDADO DE INJUNÇÃO",6
MARANHÃO,"MANDADO DE SEGURANÇA",65
MARANHÃO,PETIÇÃO,61
MARANHÃO,RECLAMAÇÃO,408
MARANHÃO,"RECURSO EXTRAORDINÁRIO",1723
MARANHÃO,"RECURSO EXTRAORDINÁRIO COM AGRAVO",21
MARANHÃO,"RECURSO ORD. EM MANDADO DE SEGURANÇA",4
MARANHÃO,"RECURSO ORDINÁRIO EM HABEAS CORPUS",10
MARANHÃO,REPRESENTAÇÃO,1
MARANHÃO,"SENTENÇA ESTRANGEIRA",3
MARANHÃO,"SUSPENSÃO DE LIMINAR",58
MARANHÃO,"SUSPENSÃO DE SEGURANÇA",126
MARANHÃO,"SUSPENSÃO DE TUTELA ANTECIPADA",15
"MATO GROSSO","AÇÃO CAUTELAR",64
"MATO GROSSO","AÇÃO CÍVEL ORIGINÁRIA",49
"MATO GROSSO","AÇÃO DIRETA DE INCONSTITUCIONALIDADE",99
"MATO GROSSO","AÇÃO ORIGINÁRIA",164
"MATO GROSSO","AÇÃO ORIGINÁRIA ESPECIAL",2
"MATO GROSSO","AÇÃO PENAL",12
"MATO GROSSO","AÇÃO RESCISÓRIA",6
"MATO GROSSO","AGRAVO DE INSTRUMENTO",4832
"MATO GROSSO","ARGÜIÇÃO DE DESCUMPRIMENTO DE PRECEITO FUNDAMENTAL",3
"MATO GROSSO","ARGUIÇÃO DE RELEVÂNCIA",22
"MATO GROSSO","ARGÜIÇÃO DE SUSPEIÇÃO",3
"MATO GROSSO",COMUNICAÇÃO,1
"MATO GROSSO","CONFLITO DE COMPETÊNCIA",4
"MATO GROSSO","CONFLITO DE JURISDIÇÃO",3
"MATO GROSSO","EXCEÇÃO DA VERDADE",1
"MATO GROSSO","HABEAS CORPUS",861
"MATO GROSSO","HABEAS DATA",1
"MATO GROSSO",INQUÉRITO,141
"MATO GROSSO","INTERVENÇÃO FEDERAL",19
"MATO GROSSO","MANDADO DE INJUNÇÃO",6
"MATO GROSSO","MANDADO DE SEGURANÇA",66
"MATO GROSSO","OPOSIÇÃO EM AÇÃO CIVIL ORIGINÁRIA",1
"MATO GROSSO",PETIÇÃO,61
"MATO GROSSO",RECLAMAÇÃO,324
"MATO GROSSO","RECURSO EXTRAORDINÁRIO",2771
"MATO GROSSO","RECURSO EXTRAORDINÁRIO COM AGRAVO",69
"MATO GROSSO","RECURSO ORD. EM MANDADO DE SEGURANÇA",2
"MATO GROSSO","RECURSO ORDINÁRIO EM HABEAS CORPUS",19
"MATO GROSSO",REPRESENTAÇÃO,7
"MATO GROSSO","REVISÃO CRIMINAL",8
"MATO GROSSO","SUSPENSÃO DE LIMINAR",12
"MATO GROSSO","SUSPENSÃO DE SEGURANÇA",120
"MATO GROSSO","SUSPENSÃO DE TUTELA ANTECIPADA",1
"MATO GROSSO DO SUL","AÇÃO CAUTELAR",97
"MATO GROSSO DO SUL","AÇÃO CÍVEL ORIGINÁRIA",58
"MATO GROSSO DO SUL","AÇÃO DIRETA DE INCONSTITUCIONALIDADE",74
"MATO GROSSO DO SUL","AÇÃO ORIGINÁRIA",104
"MATO GROSSO DO SUL","AÇÃO ORIGINÁRIA ESPECIAL",1
"MATO GROSSO DO SUL","AÇÃO PENAL",9
"MATO GROSSO DO SUL","AÇÃO RESCISÓRIA",13
"MATO GROSSO DO SUL","AGRAVO DE INSTRUMENTO",6890
"MATO GROSSO DO SUL","ARGUIÇÃO DE RELEVÂNCIA",25
"MATO GROSSO DO SUL",COMUNICAÇÃO,15
"MATO GROSSO DO SUL","CONFLITO DE COMPETÊNCIA",10
"MATO GROSSO DO SUL","CONFLITO DE JURISDIÇÃO",5
"MATO GROSSO DO SUL","HABEAS CORPUS",2081
"MATO GROSSO DO SUL",INQUÉRITO,33
"MATO GROSSO DO SUL","INTERVENÇÃO FEDERAL",9
"MATO GROSSO DO SUL","MANDADO DE INJUNÇÃO",12
"MATO GROSSO DO SUL","MANDADO DE SEGURANÇA",95
"MATO GROSSO DO SUL",PETIÇÃO,100
"MATO GROSSO DO SUL","PRISÃO PREVENTIVA PARA EXTRADIÇÃO",1
"MATO GROSSO DO SUL",RECLAMAÇÃO,201
"MATO GROSSO DO SUL","RECURSO EXTRAORDINÁRIO",4173
"MATO GROSSO DO SUL","RECURSO EXTRAORDINÁRIO COM AGRAVO",236
"MATO GROSSO DO SUL","RECURSO ORD. EM MANDADO DE SEGURANÇA",6
"MATO GROSSO DO SUL","RECURSO ORDINÁRIO EM HABEAS CORPUS",133
"MATO GROSSO DO SUL",REPRESENTAÇÃO,2
"MATO GROSSO DO SUL","REVISÃO CRIMINAL",8
"MATO GROSSO DO SUL","SUSPENSÃO DE LIMINAR",6
"MATO GROSSO DO SUL","SUSPENSÃO DE SEGURANÇA",48
"MATO GROSSO DO SUL","SUSPENSÃO DE TUTELA ANTECIPADA",1
"MINAS GERAIS","AÇÃO CAUTELAR",298
"MINAS GERAIS","AÇÃO CÍVEL ORIGINÁRIA",74
"MINAS GERAIS","AÇÃO DIRETA DE INCONSTITUCIONALIDADE",141
"MINAS GERAIS","AÇÃO DIRETA DE INCONSTITUCIONALIDADE POR OMISSÃO",1
"MINAS GERAIS","AÇÃO ORIGINÁRIA",44
"MINAS GERAIS","AÇÃO PENAL",23
"MINAS GERAIS","AÇÃO RESCISÓRIA",45
"MINAS GERAIS","AGRAVO DE INSTRUMENTO",99604
"MINAS GERAIS","ARGÜIÇÃO DE DESCUMPRIMENTO DE PRECEITO FUNDAMENTAL",6
"MINAS GERAIS","ARGÜIÇÃO DE IMPEDIMENTO",1
"MINAS GERAIS","ARGUIÇÃO DE RELEVÂNCIA",442
"MINAS GERAIS","ARGÜIÇÃO DE SUSPEIÇÃO",6
"MINAS GERAIS","CONFLITO DE COMPETÊNCIA",311
"MINAS GERAIS","CONFLITO DE JURISDIÇÃO",1
"MINAS GERAIS","HABEAS CORPUS",5028
"MINAS GERAIS","HABEAS DATA",1
"MINAS GERAIS",INQUÉRITO,151
"MINAS GERAIS","INTERVENÇÃO FEDERAL",62
"MINAS GERAIS","MANDADO DE INJUNÇÃO",47
"MINAS GERAIS","MANDADO DE SEGURANÇA",288
"MINAS GERAIS",PETIÇÃO,414
"MINAS GERAIS","PETIÇÃO AVULSA",2
"MINAS GERAIS",RECLAMAÇÃO,1421
"MINAS GERAIS","RECURSO EXTRAORDINÁRIO",37262
"MINAS GERAIS","RECURSO EXTRAORDINÁRIO COM AGRAVO",780
"MINAS GERAIS","RECURSO ORD. EM MANDADO DE SEGURANÇA",20
"MINAS GERAIS","RECURSO ORDINÁRIO EM HABEAS CORPUS",227
"MINAS GERAIS","RECURSO ORDINÁRIO EM MANDADO DE INJUNÇÃO",1
"MINAS GERAIS",REPRESENTAÇÃO,1
"MINAS GERAIS","REVISÃO CRIMINAL",21
"MINAS GERAIS","SENTENÇA ESTRANGEIRA",1
"MINAS GERAIS","SUSPENSÃO DE LIMINAR",26
"MINAS GERAIS","SUSPENSÃO DE SEGURANÇA",142
"MINAS GERAIS","SUSPENSÃO DE TUTELA ANTECIPADA",23
PARÁ,"AÇÃO CAUTELAR",53
PARÁ,"AÇÃO CÍVEL ORIGINÁRIA",49
PARÁ,"AÇÃO DIRETA DE INCONSTITUCIONALIDADE",65
PARÁ,"AÇÃO ORIGINÁRIA",39
PARÁ,"AÇÃO PENAL",14
PARÁ,"AÇÃO RESCISÓRIA",6
PARÁ,"AGRAVO DE INSTRUMENTO",6636
PARÁ,"ARGÜIÇÃO DE DESCUMPRIMENTO DE PRECEITO FUNDAMENTAL",5
PARÁ,"ARGUIÇÃO DE RELEVÂNCIA",10
PARÁ,"ARGÜIÇÃO DE SUSPEIÇÃO",5
PARÁ,COMUNICAÇÃO,1
PARÁ,"CONFLITO DE COMPETÊNCIA",4
PARÁ,"EXCEÇÃO DE INCOMPETÊNCIA",1
PARÁ,"HABEAS CORPUS",726
PARÁ,INQUÉRITO,42
PARÁ,"INTERVENÇÃO FEDERAL",20
PARÁ,"MANDADO DE INJUNÇÃO",1
PARÁ,"MANDADO DE SEGURANÇA",69
PARÁ,PETIÇÃO,81
PARÁ,RECLAMAÇÃO,770
PARÁ,"RECURSO EXTRAORDINÁRIO",1962
PARÁ,"RECURSO EXTRAORDINÁRIO COM AGRAVO",84
PARÁ,"RECURSO ORD. EM MANDADO DE SEGURANÇA",7
PARÁ,"RECURSO ORDINÁRIO EM HABEAS CORPUS",45
PARÁ,REPRESENTAÇÃO,11
PARÁ,"SUSPENSÃO DE LIMINAR",48
PARÁ,"SUSPENSÃO DE SEGURANÇA",98
PARÁ,"SUSPENSÃO DE TUTELA ANTECIPADA",20
PARAÍBA,"AÇÃO CAUTELAR",46
PARAÍBA,"AÇÃO CÍVEL ORIGINÁRIA",42
PARAÍBA,"AÇÃO DIRETA DE INCONSTITUCIONALIDADE",53
PARAÍBA,"AÇÃO ORIGINÁRIA",19
PARAÍBA,"AÇÃO PENAL",10
PARAÍBA,"AÇÃO RESCISÓRIA",22
PARAÍBA,"AGRAVO DE INSTRUMENTO",7957
PARAÍBA,"ARGÜIÇÃO DE DESCUMPRIMENTO DE PRECEITO FUNDAMENTAL",4
PARAÍBA,"ARGUIÇÃO DE RELEVÂNCIA",53
PARAÍBA,"ARGÜIÇÃO DE SUSPEIÇÃO",1
PARAÍBA,"CONFLITO DE COMPETÊNCIA",3
PARAÍBA,"EXCEÇÃO DE LITISPENDÊNCIA",1
PARAÍBA,"EXCEÇÃO DE SUSPEIÇÃO",1
PARAÍBA,"HABEAS CORPUS",369
PARAÍBA,INQUÉRITO,42
PARAÍBA,"INTERVENÇÃO FEDERAL",48
PARAÍBA,"MANDADO DE INJUNÇÃO",2
PARAÍBA,"MANDADO DE SEGURANÇA",77
PARAÍBA,PETIÇÃO,62
PARAÍBA,RECLAMAÇÃO,358
PARAÍBA,"RECURSO EXTRAORDINÁRIO",7218
PARAÍBA,"RECURSO EXTRAORDINÁRIO COM AGRAVO",66
PARAÍBA,"RECURSO ORD. EM MANDADO DE SEGURANÇA",3
PARAÍBA,"RECURSO ORDINÁRIO EM HABEAS CORPUS",22
PARAÍBA,REPRESENTAÇÃO,3
PARAÍBA,"SUSPENSÃO DE LIMINAR",4
PARAÍBA,"SUSPENSÃO DE SEGURANÇA",45
PARAÍBA,"SUSPENSÃO DE TUTELA ANTECIPADA",9
PARANÁ,"AÇÃO CAUTELAR",192
PARANÁ,"AÇÃO CÍVEL ORIGINÁRIA",96
PARANÁ,"AÇÃO DIRETA DE INCONSTITUCIONALIDADE",180
PARANÁ,"AÇÃO DIRETA DE INCONSTITUCIONALIDADE POR OMISSÃO",1
PARANÁ,"AÇÃO ORIGINÁRIA",47
PARANÁ,"AÇÃO PENAL",34
PARANÁ,"AÇÃO RESCISÓRIA",70
PARANÁ,"AGRAVO DE INSTRUMENTO",43517
PARANÁ,"ARGÜIÇÃO DE DESCUMPRIMENTO DE PRECEITO FUNDAMENTAL",5
PARANÁ,"ARGUIÇÃO DE RELEVÂNCIA",557
PARANÁ,"ARGÜIÇÃO DE SUSPEIÇÃO",2
PARANÁ,"CONFLITO DE COMPETÊNCIA",49
PARANÁ,"EXCEÇÃO DE INCOMPETÊNCIA",1
PARANÁ,"EXCEÇÃO DE LITISPENDÊNCIA",1
PARANÁ,"HABEAS CORPUS",2231
PARANÁ,"HABEAS DATA",10
PARANÁ,INQUÉRITO,117
PARANÁ,"INTERVENÇÃO FEDERAL",30
PARANÁ,"MANDADO DE INJUNÇÃO",35
PARANÁ,"MANDADO DE SEGURANÇA",166
PARANÁ,PETIÇÃO,281
PARANÁ,"PETIÇÃO AVULSA",1
PARANÁ,RECLAMAÇÃO,508
PARANÁ,"RECURSO CRIME",1
PARANÁ,"RECURSO EXTRAORDINÁRIO",39703
PARANÁ,"RECURSO EXTRAORDINÁRIO COM AGRAVO",522
PARANÁ,"RECURSO ORD. EM MANDADO DE SEGURANÇA",14
PARANÁ,"RECURSO ORDINÁRIO EM HABEAS CORPUS",122
PARANÁ,REPRESENTAÇÃO,3
PARANÁ,"REVISÃO CRIMINAL",17
PARANÁ,"SUSPENSÃO DE LIMINAR",33
PARANÁ,"SUSPENSÃO DE SEGURANÇA",160
PARANÁ,"SUSPENSÃO DE TUTELA ANTECIPADA",55
PERNAMBUCO,"AÇÃO CAUTELAR",109
PERNAMBUCO,"AÇÃO CÍVEL ORIGINÁRIA",41
PERNAMBUCO,"AÇÃO DIRETA DE INCONSTITUCIONALIDADE",103
PERNAMBUCO,"AÇÃO ORIGINÁRIA",39
PERNAMBUCO,"AÇÃO ORIGINÁRIA ESPECIAL",1
PERNAMBUCO,"AÇÃO PENAL",13
PERNAMBUCO,"AÇÃO RESCISÓRIA",33
PERNAMBUCO,"AGRAVO DE INSTRUMENTO",12134
PERNAMBUCO,"ARGÜIÇÃO DE DESCUMPRIMENTO DE PRECEITO FUNDAMENTAL",4
PERNAMBUCO,"ARGÜIÇÃO DE IMPEDIMENTO",2
PERNAMBUCO,"ARGUIÇÃO DE RELEVÂNCIA",46
PERNAMBUCO,"CONFLITO DE COMPETÊNCIA",17
PERNAMBUCO,"CONFLITO DE JURISDIÇÃO",1
PERNAMBUCO,"EXCEÇÃO DE INCOMPETÊNCIA",2
PERNAMBUCO,"HABEAS CORPUS",1521
PERNAMBUCO,"HABEAS DATA",2
PERNAMBUCO,INQUÉRITO,21
PERNAMBUCO,"MANDADO DE INJUNÇÃO",9
PERNAMBUCO,"MANDADO DE SEGURANÇA",117
PERNAMBUCO,PETIÇÃO,136
PERNAMBUCO,RECLAMAÇÃO,375
PERNAMBUCO,"RECURSO EXTRAORDINÁRIO",19660
PERNAMBUCO,"RECURSO EXTRAORDINÁRIO COM AGRAVO",44
PERNAMBUCO,"RECURSO ORD. EM MANDADO DE SEGURANÇA",12
PERNAMBUCO,"RECURSO ORDINÁRIO EM HABEAS CORPUS",75
PERNAMBUCO,"RECURSO ORDINÁRIO EM MANDADO DE INJUNÇÃO",1
PERNAMBUCO,"REVISÃO CRIMINAL",11
PERNAMBUCO,"SUSPENSÃO DE LIMINAR",25
PERNAMBUCO,"SUSPENSÃO DE SEGURANÇA",422
PERNAMBUCO,"SUSPENSÃO DE TUTELA ANTECIPADA",68
PIAUÍ,"AÇÃO CAUTELAR",73
PIAUÍ,"AÇÃO CÍVEL ORIGINÁRIA",37
PIAUÍ,"AÇÃO DIRETA DE INCONSTITUCIONALIDADE",54
PIAUÍ,"AÇÃO ORIGINÁRIA",35
PIAUÍ,"AÇÃO PENAL",4
PIAUÍ,"AÇÃO RESCISÓRIA",7
PIAUÍ,"AGRAVO DE INSTRUMENTO",2624
PIAUÍ,"ARGÜIÇÃO DE DESCUMPRIMENTO DE PRECEITO FUNDAMENTAL",20
PIAUÍ,"ARGUIÇÃO DE RELEVÂNCIA",6
PIAUÍ,"CONFLITO DE COMPETÊNCIA",3
PIAUÍ,"HABEAS CORPUS",362
PIAUÍ,"HABEAS DATA",1
PIAUÍ,INQUÉRITO,26
PIAUÍ,"INTERVENÇÃO FEDERAL",12
PIAUÍ,"MANDADO DE INJUNÇÃO",1
PIAUÍ,"MANDADO DE SEGURANÇA",22
PIAUÍ,PETIÇÃO,39
PIAUÍ,RECLAMAÇÃO,318
PIAUÍ,"RECURSO EXTRAORDINÁRIO",998
PIAUÍ,"RECURSO EXTRAORDINÁRIO COM AGRAVO",7
PIAUÍ,"RECURSO ORD. EM MANDADO DE SEGURANÇA",2
PIAUÍ,"RECURSO ORDINÁRIO EM HABEAS CORPUS",12
PIAUÍ,"REVISÃO CRIMINAL",1
PIAUÍ,"SUSPENSÃO DE LIMINAR",7
PIAUÍ,"SUSPENSÃO DE SEGURANÇA",114
PIAUÍ,"SUSPENSÃO DE TUTELA ANTECIPADA",24
"RIO DE JANEIRO","AÇÃO CAUTELAR",523
"RIO DE JANEIRO","AÇÃO CÍVEL ORIGINÁRIA",159
"RIO DE JANEIRO","AÇÃO DECLARATÓRIA DE CONSTITUCIONALIDADE",1
"RIO DE JANEIRO","AÇÃO DIRETA DE INCONSTITUCIONALIDADE",306
"RIO DE JANEIRO","AÇÃO DIRETA DE INCONSTITUCIONALIDADE POR OMISSÃO",1
"RIO DE JANEIRO","AÇÃO ORIGINÁRIA",48
"RIO DE JANEIRO","AÇÃO ORIGINÁRIA ESPECIAL",4
"RIO DE JANEIRO","AÇÃO PENAL",26
"RIO DE JANEIRO","AÇÃO RESCISÓRIA",124
"RIO DE JANEIRO","AGRAVO DE INSTRUMENTO",91662
"RIO DE JANEIRO","APELAÇÃO CÍVEL",1
"RIO DE JANEIRO","ARGÜIÇÃO DE DESCUMPRIMENTO DE PRECEITO FUNDAMENTAL",18
"RIO DE JANEIRO","ARGUIÇÃO DE RELEVÂNCIA",1625
"RIO DE JANEIRO","ARGÜIÇÃO DE SUSPEIÇÃO",4
"RIO DE JANEIRO","CARTA ROGATÓRIA",1
"RIO DE JANEIRO",COMUNICAÇÃO,2
"RIO DE JANEIRO","CONFLITO DE COMPETÊNCIA",66
"RIO DE JANEIRO","CONFLITO DE JURISDIÇÃO",2
"RIO DE JANEIRO","EXCEÇÃO DA VERDADE",1
"RIO DE JANEIRO","EXCEÇÃO DE INCOMPETÊNCIA",1
"RIO DE JANEIRO","EXCEÇÃO DE SUSPEIÇÃO",2
"RIO DE JANEIRO",EXTRADIÇÃO,1
"RIO DE JANEIRO","HABEAS CORPUS",6447
"RIO DE JANEIRO","HABEAS DATA",3
"RIO DE JANEIRO",INQUÉRITO,198
"RIO DE JANEIRO","INTERVENÇÃO FEDERAL",39
"RIO DE JANEIRO","MANDADO DE INJUNÇÃO",135
"RIO DE JANEIRO","MANDADO DE SEGURANÇA",400
"RIO DE JANEIRO",PETIÇÃO,703
"RIO DE JANEIRO","PETIÇÃO AVULSA",1
"RIO DE JANEIRO",RECLAMAÇÃO,871
"RIO DE JANEIRO","RECURSO CRIME",3
"RIO DE JANEIRO","RECURSO EXTRAORDINÁRIO",53173
"RIO DE JANEIRO","RECURSO EXTRAORDINÁRIO COM AGRAVO",834
"RIO DE JANEIRO","RECURSO ORD. EM MANDADO DE SEGURANÇA",43
"RIO DE JANEIRO","RECURSO ORDINÁRIO EM HABEAS CORPUS",421
"RIO DE JANEIRO",REPRESENTAÇÃO,9
"RIO DE JANEIRO","REVISÃO CRIMINAL",65
"RIO DE JANEIRO","SUSPENSÃO DE LIMINAR",48
"RIO DE JANEIRO","SUSPENSÃO DE SEGURANÇA",384
"RIO DE JANEIRO","SUSPENSÃO DE TUTELA ANTECIPADA",89
"RIO GRANDE DO NORTE","AÇÃO CAUTELAR",36
"RIO GRANDE DO NORTE","AÇÃO CÍVEL ORIGINÁRIA",24
"RIO GRANDE DO NORTE","AÇÃO DIRETA DE INCONSTITUCIONALIDADE",71
"RIO GRANDE DO NORTE","AÇÃO ORIGINÁRIA",15
"RIO GRANDE DO NORTE","AÇÃO PENAL",1
"RIO GRANDE DO NORTE","AÇÃO RESCISÓRIA",4
"RIO GRANDE DO NORTE","AGRAVO DE INSTRUMENTO",6288
"RIO GRANDE DO NORTE","ARGÜIÇÃO DE DESCUMPRIMENTO DE PRECEITO FUNDAMENTAL",2
"RIO GRANDE DO NORTE","ARGUIÇÃO DE RELEVÂNCIA",43
"RIO GRANDE DO NORTE","HABEAS CORPUS",269
"RIO GRANDE DO NORTE",INQUÉRITO,8
"RIO GRANDE DO NORTE","INTERVENÇÃO FEDERAL",1
"RIO GRANDE DO NORTE","MANDADO DE INJUNÇÃO",1
"RIO GRANDE DO NORTE","MANDADO DE SEGURANÇA",31
"RIO GRANDE DO NORTE",PETIÇÃO,31
"RIO GRANDE DO NORTE",RECLAMAÇÃO,1118
"RIO GRANDE DO NORTE","RECURSO EXTRAORDINÁRIO",14670
"RIO GRANDE DO NORTE","RECURSO EXTRAORDINÁRIO COM AGRAVO",39
"RIO GRANDE DO NORTE","RECURSO ORD. EM MANDADO DE SEGURANÇA",1
"RIO GRANDE DO NORTE","RECURSO ORDINÁRIO EM HABEAS CORPUS",6
"RIO GRANDE DO NORTE",REPRESENTAÇÃO,1
"RIO GRANDE DO NORTE","REVISÃO CRIMINAL",2
"RIO GRANDE DO NORTE","SUSPENSÃO DE LIMINAR",13
"RIO GRANDE DO NORTE","SUSPENSÃO DE SEGURANÇA",100
"RIO GRANDE DO NORTE","SUSPENSÃO DE TUTELA ANTECIPADA",30
"RIO GRANDE DO SUL","AÇÃO CAUTELAR",270
"RIO GRANDE DO SUL","AÇÃO CÍVEL ORIGINÁRIA",83
"RIO GRANDE DO SUL","AÇÃO DIRETA DE INCONSTITUCIONALIDADE",220
"RIO GRANDE DO SUL","AÇÃO ORIGINÁRIA",189
"RIO GRANDE DO SUL","AÇÃO ORIGINÁRIA ESPECIAL",4
"RIO GRANDE DO SUL","AÇÃO PENAL",7
"RIO GRANDE DO SUL","AÇÃO RESCISÓRIA",71
"RIO GRANDE DO SUL","AGRAVO DE INSTRUMENTO",113794
"RIO GRANDE DO SUL","ARGÜIÇÃO DE DESCUMPRIMENTO DE PRECEITO FUNDAMENTAL",6
"RIO GRANDE DO SUL","ARGÜIÇÃO DE IMPEDIMENTO",1
"RIO GRANDE DO SUL","ARGUIÇÃO DE RELEVÂNCIA",961
"RIO GRANDE DO SUL","ARGÜIÇÃO DE SUSPEIÇÃO",1
"RIO GRANDE DO SUL","CARTA ROGATÓRIA",2
"RIO GRANDE DO SUL",COMUNICAÇÃO,1
"RIO GRANDE DO SUL","CONFLITO DE COMPETÊNCIA",81
"RIO GRANDE DO SUL","CONFLITO DE JURISDIÇÃO",1
"RIO GRANDE DO SUL","EXCEÇÃO DE SUSPEIÇÃO",1
"RIO GRANDE DO SUL","HABEAS CORPUS",5051
"RIO GRANDE DO SUL","HABEAS DATA",3
"RIO GRANDE DO SUL",INQUÉRITO,51
"RIO GRANDE DO SUL","INTERVENÇÃO FEDERAL",977
"RIO GRANDE DO SUL","MANDADO DE INJUNÇÃO",46
"RIO GRANDE DO SUL","MANDADO DE SEGURANÇA",156
"RIO GRANDE DO SUL",PETIÇÃO,402
"RIO GRANDE DO SUL","PETIÇÃO AVULSA",5
"RIO GRANDE DO SUL",RECLAMAÇÃO,1235
"RIO GRANDE DO SUL","RECURSO EXTRAORDINÁRIO",104476
"RIO GRANDE DO SUL","RECURSO EXTRAORDINÁRIO COM AGRAVO",1822
"RIO GRANDE DO SUL","RECURSO ORD. EM MANDADO DE SEGURANÇA",26
"RIO GRANDE DO SUL","RECURSO ORDINÁRIO EM HABEAS CORPUS",209
"RIO GRANDE DO SUL",REPRESENTAÇÃO,73
"RIO GRANDE DO SUL","REVISÃO CRIMINAL",44
"RIO GRANDE DO SUL","SUSPENSÃO DE LIMINAR",40
"RIO GRANDE DO SUL","SUSPENSÃO DE SEGURANÇA",96
"RIO GRANDE DO SUL","SUSPENSÃO DE TUTELA ANTECIPADA",30
RONDÔNIA,"AÇÃO CAUTELAR",73
RONDÔNIA,"AÇÃO CÍVEL ORIGINÁRIA",21
RONDÔNIA,"AÇÃO DIRETA DE INCONSTITUCIONALIDADE",126
RONDÔNIA,"AÇÃO ORIGINÁRIA",21
RONDÔNIA,"AÇÃO PENAL",27
RONDÔNIA,"AÇÃO RESCISÓRIA",3
RONDÔNIA,"AGRAVO DE INSTRUMENTO",2425
RONDÔNIA,"ARGÜIÇÃO DE DESCUMPRIMENTO DE PRECEITO FUNDAMENTAL",2
RONDÔNIA,"ARGUIÇÃO DE RELEVÂNCIA",7
RONDÔNIA,"CONFLITO DE COMPETÊNCIA",7
RONDÔNIA,"HABEAS CORPUS",285
RONDÔNIA,"HABEAS DATA",1
RONDÔNIA,INQUÉRITO,96
RONDÔNIA,"INTERVENÇÃO FEDERAL",8
RONDÔNIA,"MANDADO DE INJUNÇÃO",4
RONDÔNIA,"MANDADO DE SEGURANÇA",36
RONDÔNIA,PETIÇÃO,56
RONDÔNIA,RECLAMAÇÃO,174
RONDÔNIA,"RECURSO EXTRAORDINÁRIO",2065
RONDÔNIA,"RECURSO EXTRAORDINÁRIO COM AGRAVO",42
RONDÔNIA,"RECURSO ORD. EM MANDADO DE SEGURANÇA",1
RONDÔNIA,"RECURSO ORDINÁRIO EM HABEAS CORPUS",14
RONDÔNIA,"REVISÃO CRIMINAL",1
RONDÔNIA,"SUSPENSÃO DE LIMINAR",13
RONDÔNIA,"SUSPENSÃO DE SEGURANÇA",25
RONDÔNIA,"SUSPENSÃO DE TUTELA ANTECIPADA",4
RORAIMA,"AÇÃO CAUTELAR",25
RORAIMA,"AÇÃO CÍVEL ORIGINÁRIA",71
RORAIMA,"AÇÃO DIRETA DE INCONSTITUCIONALIDADE",23
RORAIMA,"AÇÃO ORIGINÁRIA",53
RORAIMA,"AÇÃO PENAL",28
RORAIMA,"AGRAVO DE INSTRUMENTO",813
RORAIMA,"ARGUIÇÃO DE RELEVÂNCIA",21
RORAIMA,"CONFLITO DE JURISDIÇÃO",1
RORAIMA,"HABEAS CORPUS",113
RORAIMA,INQUÉRITO,88
RORAIMA,"MANDADO DE INJUNÇÃO",5
RORAIMA,"MANDADO DE SEGURANÇA",11
RORAIMA,PETIÇÃO,151
RORAIMA,RECLAMAÇÃO,23
RORAIMA,"RECURSO EXTRAORDINÁRIO",703
RORAIMA,"RECURSO EXTRAORDINÁRIO COM AGRAVO",8
RORAIMA,"RECURSO ORDINÁRIO EM HABEAS CORPUS",2
RORAIMA,"SUSPENSÃO DE LIMINAR",4
RORAIMA,"SUSPENSÃO DE SEGURANÇA",8
RORAIMA,"SUSPENSÃO DE TUTELA ANTECIPADA",1
"SANTA CATARINA","AÇÃO CAUTELAR",140
"SANTA CATARINA","AÇÃO CÍVEL ORIGINÁRIA",54
"SANTA CATARINA","AÇÃO DIRETA DE INCONSTITUCIONALIDADE",214
"SANTA CATARINA","AÇÃO DIRETA DE INCONSTITUCIONALIDADE POR OMISSÃO",1
"SANTA CATARINA","AÇÃO ORIGINÁRIA",207
"SANTA CATARINA","AÇÃO PENAL",44
"SANTA CATARINA","AÇÃO RESCISÓRIA",202
"SANTA CATARINA","AGRAVO DE INSTRUMENTO",32029
"SANTA CATARINA","ARGÜIÇÃO DE DESCUMPRIMENTO DE PRECEITO FUNDAMENTAL",3
"SANTA CATARINA","ARGÜIÇÃO DE IMPEDIMENTO",1
"SANTA CATARINA","ARGUIÇÃO DE RELEVÂNCIA",82
"SANTA CATARINA","ARGÜIÇÃO DE SUSPEIÇÃO",2
"SANTA CATARINA","CONFLITO DE COMPETÊNCIA",29
"SANTA CATARINA","HABEAS CORPUS",1518
"SANTA CATARINA","HABEAS DATA",1
"SANTA CATARINA",INQUÉRITO,67
"SANTA CATARINA","INTERVENÇÃO FEDERAL",239
"SANTA CATARINA","MANDADO DE INJUNÇÃO",25
"SANTA CATARINA","MANDADO DE SEGURANÇA",78
"SANTA CATARINA",PETIÇÃO,93
"SANTA CATARINA","PETIÇÃO AVULSA",1
"SANTA CATARINA","PROPOSTA DE SÚMULA VINCULANTE",1
"SANTA CATARINA",RECLAMAÇÃO,650
"SANTA CATARINA","RECURSO EXTRAORDINÁRIO",37488
"SANTA CATARINA","RECURSO EXTRAORDINÁRIO COM AGRAVO",183
"SANTA CATARINA","RECURSO ORD. EM MANDADO DE SEGURANÇA",4
"SANTA CATARINA","RECURSO ORDINÁRIO EM HABEAS CORPUS",72
"SANTA CATARINA",REPRESENTAÇÃO,18
"SANTA CATARINA","REVISÃO CRIMINAL",3
"SANTA CATARINA","SUSPENSÃO DE LIMINAR",27
"SANTA CATARINA","SUSPENSÃO DE SEGURANÇA",162
"SANTA CATARINA","SUSPENSÃO DE TUTELA ANTECIPADA",27
"SÃO PAULO","AÇÃO CAUTELAR",1915
"SÃO PAULO","AÇÃO CÍVEL ORIGINÁRIA",283
"SÃO PAULO","AÇÃO DECLARATÓRIA DE CONSTITUCIONALIDADE",2
"SÃO PAULO","AÇÃO DIRETA DE INCONSTITUCIONALIDADE",268
"SÃO PAULO","AÇÃO ORIGINÁRIA",164
"SÃO PAULO","AÇÃO ORIGINÁRIA ESPECIAL",4
"SÃO PAULO","AÇÃO PENAL",54
"SÃO PAULO","AÇÃO RESCISÓRIA",275
"SÃO PAULO","AGRAVO DE INSTRUMENTO",203158
"SÃO PAULO","ARGÜIÇÃO DE DESCUMPRIMENTO DE PRECEITO FUNDAMENTAL",29
"SÃO PAULO","ARGÜIÇÃO DE IMPEDIMENTO",1
"SÃO PAULO","ARGUIÇÃO DE RELEVÂNCIA",3627
"SÃO PAULO","ARGÜIÇÃO DE SUSPEIÇÃO",3
"SÃO PAULO","CONFLITO DE ATRIBUIÇÕES",1
"SÃO PAULO","CONFLITO DE COMPETÊNCIA",115
"SÃO PAULO","CONFLITO DE JURISDIÇÃO",5
"SÃO PAULO","EXCEÇÃO DA VERDADE",1
"SÃO PAULO","HABEAS CORPUS",23757
"SÃO PAULO","HABEAS DATA",29
"SÃO PAULO",INQUÉRITO,306
"SÃO PAULO","INTERVENÇÃO FEDERAL",3477
"SÃO PAULO","MANDADO DE INJUNÇÃO",164
"SÃO PAULO","MANDADO DE SEGURANÇA",601
"SÃO PAULO","OPOSIÇÃO EM AÇÃO CIVIL ORIGINÁRIA",1
"SÃO PAULO",PETIÇÃO,988
"SÃO PAULO","PETIÇÃO AVULSA",1
"SÃO PAULO","PRISÃO PREVENTIVA PARA EXTRADIÇÃO",1
"SÃO PAULO","PROCESSO ADMINISTRATIVO",1
"SÃO PAULO","PROPOSTA DE SÚMULA VINCULANTE",2
"SÃO PAULO",RECLAMAÇÃO,2966
"SÃO PAULO","RECURSO CRIME",10
"SÃO PAULO","RECURSO EXTRAORDINÁRIO",117688
"SÃO PAULO","RECURSO EXTRAORDINÁRIO COM AGRAVO",2005
"SÃO PAULO","RECURSO ORD. EM MANDADO DE SEGURANÇA",65
"SÃO PAULO","RECURSO ORDINÁRIO EM HABEAS CORPUS",633
"SÃO PAULO",REPRESENTAÇÃO,3
"SÃO PAULO","REVISÃO CRIMINAL",340
"SÃO PAULO","SENTENÇA ESTRANGEIRA",2
"SÃO PAULO","SUSPENSÃO DE LIMINAR",138
"SÃO PAULO","SUSPENSÃO DE SEGURANÇA",804
"SÃO PAULO","SUSPENSÃO DE TUTELA ANTECIPADA",476
SERGIPE,"AÇÃO CAUTELAR",55
SERGIPE,"AÇÃO CÍVEL ORIGINÁRIA",59
SERGIPE,"AÇÃO DIRETA DE INCONSTITUCIONALIDADE",43
SERGIPE,"AÇÃO ORIGINÁRIA",9
SERGIPE,"AÇÃO PENAL",4
SERGIPE,"AÇÃO RESCISÓRIA",3
SERGIPE,"AGRAVO DE INSTRUMENTO",4695
SERGIPE,"ARGÜIÇÃO DE DESCUMPRIMENTO DE PRECEITO FUNDAMENTAL",1
SERGIPE,"ARGUIÇÃO DE RELEVÂNCIA",13
SERGIPE,"EXCEÇÃO DE LITISPENDÊNCIA",1
SERGIPE,"HABEAS CORPUS",206
SERGIPE,INQUÉRITO,31
SERGIPE,"INTERVENÇÃO FEDERAL",6
SERGIPE,"MANDADO DE INJUNÇÃO",5
SERGIPE,"MANDADO DE SEGURANÇA",24
SERGIPE,PETIÇÃO,43
SERGIPE,RECLAMAÇÃO,299
SERGIPE,"RECURSO EXTRAORDINÁRIO",3983
SERGIPE,"RECURSO EXTRAORDINÁRIO COM AGRAVO",85
SERGIPE,"RECURSO ORD. EM MANDADO DE SEGURANÇA",4
SERGIPE,"RECURSO ORDINÁRIO EM HABEAS CORPUS",17
SERGIPE,REPRESENTAÇÃO,1
SERGIPE,"REVISÃO CRIMINAL",2
SERGIPE,"SUSPENSÃO DE LIMINAR",15
SERGIPE,"SUSPENSÃO DE SEGURANÇA",43
SERGIPE,"SUSPENSÃO DE TUTELA ANTECIPADA",1
TOCANTINS,"AÇÃO CAUTELAR",14
TOCANTINS,"AÇÃO CÍVEL ORIGINÁRIA",34
TOCANTINS,"AÇÃO DIRETA DE INCONSTITUCIONALIDADE",57
TOCANTINS,"AÇÃO ORIGINÁRIA",12
TOCANTINS,"AÇÃO PENAL",12
TOCANTINS,"AÇÃO RESCISÓRIA",3
TOCANTINS,"AGRAVO DE INSTRUMENTO",747
TOCANTINS,"ARGÜIÇÃO DE DESCUMPRIMENTO DE PRECEITO FUNDAMENTAL",3
TOCANTINS,"HABEAS CORPUS",134
TOCANTINS,"HABEAS DATA",1
TOCANTINS,INQUÉRITO,45
TOCANTINS,"INTERVENÇÃO FEDERAL",16
TOCANTINS,"MANDADO DE INJUNÇÃO",2
TOCANTINS,"MANDADO DE SEGURANÇA",48
TOCANTINS,PETIÇÃO,61
TOCANTINS,RECLAMAÇÃO,274
TOCANTINS,"RECURSO EXTRAORDINÁRIO",643
TOCANTINS,"RECURSO EXTRAORDINÁRIO COM AGRAVO",11
TOCANTINS,"RECURSO ORD. EM MANDADO DE SEGURANÇA",1
TOCANTINS,"RECURSO ORDINÁRIO EM HABEAS CORPUS",3
TOCANTINS,"SUSPENSÃO DE LIMINAR",9
TOCANTINS,"SUSPENSÃO DE SEGURANÇA",58
TOCANTINS,"SUSPENSÃO DE TUTELA ANTECIPADA",3
